player,position,predicted_fantasy_points,conference,team,predicted_fantasy_points_ppr,model,position_rank,position_rank_ppr
Jeremiyah Love,RB,242.59389999999996,FBS Independents,ARI,282.20279999999985,with_pick,1,1
Fernando Mendoza,QB,193.2132000000001,Big Ten,LVR,193.09449999999998,with_pick,1,1
Jadarian Price,RB,155.97080000000008,FBS Independents,SEA,177.12539999999998,with_pick,2,2
Ty Simpson,QB,126.7508,SEC,LAR,131.25399999999996,with_pick,2,2
Jordyn Tyson,WR,121.59380000000009,Big 12,NOR,185.1457999999998,with_pick,1,2
Carnell Tate,WR,118.61149999999985,Big Ten,TEN,198.24459999999976,with_pick,2,1
Omar Cooper Jr.,WR,99.00450000000001,Big Ten,NYJ,150.53189999999992,with_pick,3,3
De'Zhaun Stribling,WR,88.66410000000003,SEC,SFO,142.42509999999996,with_pick,4,4
Germie Bernard,WR,78.51670000000017,SEC,PIT,130.08849999999987,with_pick,5,5
Carson Beck,QB,76.50319999999992,ACC,ARI,75.5885999999999,with_pick,3,3
Kenyon Sadiq,TE,74.84020000000011,Big Ten,NYJ,95.45840000000007,with_pick,1,1
Makai Lemon,WR,72.08300000000014,Big Ten,PHI,93.53360000000006,with_pick,6,7
Denzel Boston,WR,71.91499999999998,Big Ten,CLE,106.6880999999999,with_pick,7,6
Jonah Coleman,RB,69.6178,Big Ten,DEN,92.15809999999999,with_pick,3,3
Cade Klubnik,QB,61.72729999999993,ACC,NYJ,67.7916999999999,with_pick,4,4
Kevin Coleman Jr.,WR,57.072299999999956,SEC,MIA,91.68919999999997,with_pick,8,8
Sam Roush,TE,48.52529999999999,ACC,CHI,76.75349999999999,with_pick,2,2
Oscar Delp,TE,45.2915,SEC,NOR,65.32020000000003,with_pick,3,5
Malachi Fields,WR,44.001500000000014,FBS Independents,NYG,68.3258000000001,with_pick,9,10
Antonio Williams,WR,42.520199999999974,ACC,WAS,59.36719999999997,with_pick,10,13
Zachariah Branch,WR,42.22949999999999,SEC,ATL,67.1226,with_pick,11,11
Kaelon Black,RB,41.87099999999999,Big Ten,SFO,56.04599999999995,with_pick,4,4
Emmett Johnson,RB,41.868799999999986,Big Ten,KAN,52.8279,with_pick,5,5
Eli Raridon,TE,41.72080000000003,FBS Independents,NWE,62.202500000000015,with_pick,4,6
Eli Heidenreich,WR,41.36349999999999,American Athletic,PIT,62.39449999999997,with_pick,12,12
Nicholas Singleton,RB,40.855499999999964,Big Ten,TEN,42.47289999999996,with_pick,6,7
Max Klare,TE,39.73720000000001,Big Ten,LAR,66.4004,with_pick,5,4
Kaytron Allen,RB,38.4715,Big Ten,WAS,47.17299999999997,with_pick,7,6
Tanner Koziol,TE,38.05299999999995,Big 12,JAX,55.25899999999993,with_pick,6,8
Eli Stowers,TE,35.99890000000002,SEC,PHI,68.37960000000001,with_pick,7,3
Garrett Nussmeier,QB,35.97800000000004,SEC,KAN,40.224800000000045,with_pick,5,5
Brenen Thompson,WR,35.58120000000001,SEC,LAC,52.23210000000001,with_pick,13,17
Justin Joly,TE,35.02690000000002,ACC,DEN,40.26230000000002,with_pick,8,10
Elijah Sarratt,WR,34.92999999999994,Big Ten,BAL,69.45149999999991,with_pick,14,9
Lewis Bond,WR,34.474999999999994,ACC,HOU,58.3825,with_pick,15,14
Athan Kaliakmanis,QB,33.083600000000025,Big Ten,WAS,31.342200000000012,with_pick,6,7
Ja'Kobi Lane,WR,32.66620000000001,Big Ten,BAL,49.43939999999998,with_pick,16,18
Chris Bell,WR,31.526499999999988,ACC,MIA,53.29649999999996,with_pick,17,15
Matthew Hibner,TE,30.888800000000014,ACC,BAL,55.58179999999999,with_pick,9,7
Skyler Bell,WR,30.584999999999976,FBS Independents,BUF,53.19449999999999,with_pick,18,16
Caleb Douglas,WR,30.4398,Big 12,MIA,43.85940000000001,with_pick,19,20
Kendrick Law,WR,29.43409999999998,SEC,DET,43.98939999999999,with_pick,20,19
Behren Morton,QB,27.722400000000015,Big 12,NWE,34.909000000000056,with_pick,7,6
Carsen Ryan,TE,26.662999999999982,Big 12,CLE,50.32200000000001,with_pick,10,9
Deion Burks,WR,26.239999999999995,SEC,IND,39.402499999999996,with_pick,21,22
Josh Cameron,WR,25.536500000000004,Big 12,JAX,36.475,with_pick,22,24
Chris Brazzell II,WR,24.771000000000004,SEC,CAR,38.75750000000004,with_pick,23,23
Cyrus Allen,WR,24.172800000000016,Big 12,KAN,28.069000000000013,with_pick,24,26
Joe Royer,TE,23.45910000000002,Big 12,CLE,36.68050000000001,with_pick,11,11
Adam Randall,RB,23.350199999999994,ACC,BAL,30.710400000000007,with_pick,8,8
Taylen Green,QB,22.65839999999998,SEC,CLE,29.510399999999972,with_pick,8,8
Malik Benson,WR,22.09150000000001,Big Ten,LVR,29.32699999999998,with_pick,25,25
Riley Nowakowski,TE,21.61750000000002,Big Ten,PIT,32.06230000000001,with_pick,12,12
Emmanuel Henderson Jr.,WR,20.408499999999993,Big 12,SEA,41.298,with_pick,26,21
Josh Cuevas,TE,20.369500000000002,SEC,BAL,30.668500000000023,with_pick,13,14
Seydou Traore,TE,19.029200000000003,SEC,MIA,31.793200000000006,with_pick,14,13
Bauer Sharp,TE,18.430999999999997,SEC,TAM,28.423500000000008,with_pick,15,15
Jamarion Miller,RB,15.732999999999983,SEC,NWE,21.916499999999974,with_pick,9,9
Anthony Smith,WR,14.612999999999998,American Athletic,DAL,25.081,with_pick,27,28
Jack Endries,TE,14.289500000000023,SEC,CIN,20.865900000000046,with_pick,16,18
CJ Williams,WR,13.8355,ACC,JAX,23.162999999999997,with_pick,28,29
Barion Brown,WR,13.726500000000014,SEC,NOR,25.150999999999982,with_pick,29,27
Dallen Bentley,TE,13.192,Big 12,DEN,25.116499999999977,with_pick,17,16
Jaren Kanak,TE,10.581000000000001,SEC,TEN,23.066499999999984,with_pick,18,17
C.J. Daniels,WR,8.0895,ACC,LAR,12.833499999999994,with_pick,30,30
Demond Claiborne,RB,7.0442000000000125,ACC,MIN,9.423000000000012,with_pick,10,10
Diego Pavia,QB,308.0235999999999,SEC,,,no_pick,1,
Blake Horvath,QB,305.7764999999999,American Athletic,,,no_pick,2,
Byrum Brown,QB,291.88949999999994,American Athletic,,,no_pick,3,
Jayden Maiava,QB,171.13180000000014,Big Ten,,,no_pick,4,
Maverick McIvor,QB,146.3005999999997,Conference USA,,,no_pick,5,
Joey Aguilar,QB,130.62459999999987,SEC,,,no_pick,6,
Walker Eget,QB,123.0802999999997,Mountain West,,,no_pick,7,
Kevin Jennings,QB,119.81129999999992,ACC,,,no_pick,8,
Joe Fagnano,QB,118.07029999999999,FBS Independents,,,no_pick,9,
Tayven Jackson,QB,115.12119999999993,Big 12,,,no_pick,10,
Caden Veltkamp,QB,112.9303,American Athletic,,,no_pick,11,
Maddux Madsen,QB,112.83159999999998,Mountain West,,,no_pick,12,
Dante Moore,QB,109.57690000000001,Big Ten,,,no_pick,13,
Jacquon Gibson,WR,106.38279999999999,Mid-American,,,no_pick,1,
Danny Scudero,WR,104.84500000000006,Mountain West,,,no_pick,2,
Michael Jackson III,WR,102.02100000000006,Big Ten,,,no_pick,3,
Keyone Jenkins,QB,101.18099999999995,Conference USA,,,no_pick,14,
Sedrick Alexander,RB,99.2551,SEC,,,no_pick,1,
Kenny Odom,WR,95.57629999999997,Conference USA,,,no_pick,4,
Ben Finley,QB,94.10690000000004,Mid-American,,,no_pick,15,
Nick Minicucci,QB,92.7642999999999,Conference USA,,,no_pick,16,
Camden Brown,WR,92.15910000000014,Sun Belt,,,no_pick,5,
Maalik Murphy,QB,90.04449999999989,Pac-12,,,no_pick,17,
K.D. Hutchinson,WR,89.61249999999998,Conference USA,,,no_pick,6,
Katin Houser,QB,89.1537999999999,American Athletic,,,no_pick,18,
Giovanni Lopez,QB,86.01499999999996,ACC,,,no_pick,19,
Ben Gulbranson,QB,85.8754999999999,ACC,,,no_pick,20,
Donovan Faupel,WR,85.27849999999991,Conference USA,,,no_pick,7,
Ta'Quan Roberson,QB,85.19190000000002,Mid-American,,,no_pick,21,
Parker Kingston,WR,85.07499999999999,Big 12,,,no_pick,8,
Javon Robinson,WR,84.75149999999998,Sun Belt,,,no_pick,9,
Marcel Reed,QB,84.19879999999985,SEC,,,no_pick,22,
Rocco Becht,QB,83.88119999999998,Big 12,,,no_pick,23,
Cam Cook,RB,83.86300000000008,Conference USA,,,no_pick,2,
Miles Davis,RB,83.46029999999999,Mountain West,,,no_pick,3,
Braylon Braxton,QB,82.71610000000004,Sun Belt,,,no_pick,24,
E.J. Warner,QB,82.16299999999994,Mountain West,,,no_pick,25,
Dylan Lonergan,QB,82.04669999999987,ACC,,,no_pick,26,
Anthony Colandrea,QB,80.74819999999985,Mountain West,,,no_pick,27,
Jordan Napier,WR,80.68479999999994,Mountain West,,,no_pick,10,
Eric Singleton Jr.,WR,79.60329999999993,SEC,,,no_pick,11,
Wayne Knight,RB,78.99650000000005,Sun Belt,,,no_pick,4,
Ashtyn Hawkins,WR,77.87250000000003,Big 12,,,no_pick,12,
Beau Sparks,WR,77.71600000000008,Sun Belt,,,no_pick,13,
Caullin Lacy,WR,77.68079999999988,ACC,,,no_pick,14,
Dalen Cobb,WR,77.63429999999995,Sun Belt,,,no_pick,15,
Jalen Kitna,QB,77.34329999999987,American Athletic,,,no_pick,28,
Abu Sama III,RB,77.20550000000009,Big 12,,,no_pick,5,
Damon Bankston,RB,76.9618,Mountain West,,,no_pick,6,
Carlos Hernandez,WR,76.49950000000004,ACC,,,no_pick,16,
Lincoln Pare,RB,76.35300000000007,Sun Belt,,,no_pick,7,
Jake Retzlaff,QB,75.2084999999999,American Athletic,,,no_pick,29,
Chauncy Cobb,WR,75.02099999999992,Sun Belt,,,no_pick,17,
Jalil Farooq,WR,74.63199999999985,Big Ten,,,no_pick,18,
Jacob Clark,QB,73.66159999999994,Conference USA,,,no_pick,30,
Chris Dawn Jr.,WR,73.64299999999997,Sun Belt,,,no_pick,19,
Cade Harris,WR,73.61700000000002,Mountain West,,,no_pick,20,
Victor Snow,WR,73.42130000000002,Mid-American,,,no_pick,21,
Logan Fife,QB,72.6893999999999,Conference USA,,,no_pick,31,
Rayshon Luke,RB,72.59479999999999,Mountain West,,,no_pick,8,
Tucker Gleason,QB,72.26959999999991,Mid-American,,,no_pick,32,
Preston Stone,QB,72.13169999999988,Big Ten,,,no_pick,33,
Marlon Gunn,RB,71.22270000000003,American Athletic,,,no_pick,9,
Jaden Barnes,WR,70.49259999999994,Sun Belt,,,no_pick,22,
Demarcus Lacey,WR,69.85469999999998,Sun Belt,,,no_pick,23,
Dean Connors,RB,69.76350000000001,Big 12,,,no_pick,10,
Noah Fifita,QB,69.75479999999992,Big 12,,,no_pick,34,
DeaMonte Trayanum,RB,69.19119999999992,Mid-American,,,no_pick,11,
Joey Labas,QB,69.11509999999993,Mid-American,,,no_pick,35,
Gabriel Benyard,WR,69.01429999999999,Conference USA,,,no_pick,24,
Reginald Virgil,WR,68.71179999999998,Big 12,,,no_pick,25,
Terrance Carter,TE,68.257,Big 12,,,no_pick,1,
Corey Rucker,WR,68.19350000000003,Sun Belt,,,no_pick,26,
Caleb Ramseur,RB,67.92179999999998,Mountain West,,,no_pick,12,
Jayce Brown,WR,67.71449999999997,Big 12,,,no_pick,27,
Javen Jacobs,RB,67.45909999999999,Mountain West,,,no_pick,13,
Rara Thomas,WR,67.408,Sun Belt,,,no_pick,28,
Jaylen Raynor,QB,67.06029999999991,Sun Belt,,,no_pick,36,
Jayshon Platt,WR,66.63649999999994,American Athletic,,,no_pick,29,
Miller Moss,QB,66.49869999999996,ACC,,,no_pick,37,
Zylan Perry,RB,65.97170000000001,Sun Belt,,,no_pick,14,
Kevin Concepcion,WR,65.8168,SEC,,,no_pick,30,
Trent Walker,WR,65.46949999999994,Pac-12,,,no_pick,31,
Arch Manning,QB,65.39909999999988,SEC,,,no_pick,38,
Harrison Waylee,RB,65.33130000000007,ACC,,,no_pick,15,
Kaden Feagin,RB,65.22209999999997,Big Ten,,,no_pick,16,
Dante Dowdell,RB,65.15560000000005,SEC,,,no_pick,17,
Mark Fletcher Jr.,RB,65.01569999999997,ACC,,,no_pick,18,
Jamal Roberts,RB,64.83649999999999,SEC,,,no_pick,19,
Jacob De Jesus,WR,64.63149999999999,ACC,,,no_pick,32,
Jo'Nathan Silver,RB,64.31729999999997,Conference USA,,,no_pick,20,
Easton Messer,WR,63.686500000000024,American Athletic,,,no_pick,33,
Owen McCown,QB,63.602599999999896,American Athletic,,,no_pick,39,
Sawyer Robertson,QB,63.07559999999995,Big 12,,,no_pick,40,
Devin Roche,RB,63.03830000000003,Sun Belt,,,no_pick,21,
Daniel Hishaw Jr.,RB,62.76080000000004,Big 12,,,no_pick,22,
Josh Hoover,QB,62.69150000000003,Big 12,,,no_pick,41,
Duane Thomas Jr.,WR,62.64829999999999,Big 12,,,no_pick,34,
Nick Vattiato,QB,62.63569999999998,Conference USA,,,no_pick,42,
Cameron Ross,WR,62.262999999999984,ACC,,,no_pick,35,
Hank Beatty,WR,61.934299999999965,Big Ten,,,no_pick,36,
Robert Henry,RB,61.393699999999896,American Athletic,,,no_pick,23,
Rueben Owens,RB,61.38350000000004,SEC,,,no_pick,24,
Davon Booth,RB,60.935700000000004,SEC,,,no_pick,25,
Josiah Freeman,WR,60.83280000000006,Mountain West,,,no_pick,37,
Gregory DeRosiers,RB,60.50889999999997,American Athletic,,,no_pick,26,
Duce Robinson,WR,59.8188,ACC,,,no_pick,38,
Junior Vandeross,WR,59.591000000000115,Mid-American,,,no_pick,39,
Javen Nicholas,WR,59.38499999999999,American Athletic,,,no_pick,40,
Jordan Brunson,RB,59.332300000000025,Mid-American,,,no_pick,27,
Octavian Smith Jr.,WR,58.91600000000003,Big Ten,,,no_pick,41,
Jack Layne,QB,58.87529999999998,Mountain West,,,no_pick,43,
LJ Martin,RB,58.316000000000024,Big 12,,,no_pick,28,
Pofele Ashlock,WR,58.15949999999995,Mountain West,,,no_pick,42,
Gavin Garcia,RB,57.81260000000003,Mid-American,,,no_pick,29,
Blake Shapen,QB,56.90439999999995,SEC,,,no_pick,44,
Josh Meredith,WR,55.9434999999999,Pac-12,,,no_pick,43,
Myles Montgomery,RB,55.76149999999998,Big 12,,,no_pick,30,
Christian Washington,RB,55.31360000000006,Mountain West,,,no_pick,31,
Anthony Evans III,WR,54.62910000000001,SEC,,,no_pick,44,
Jamal Haynes,RB,54.56089999999999,ACC,,,no_pick,32,
Jai'Den Thomas,RB,54.45450000000001,Mountain West,,,no_pick,33,
Chase Hendricks,WR,54.10729999999996,Mid-American,,,no_pick,45,
Jmariyae Robinson,WR,54.04780000000005,Conference USA,,,no_pick,46,
Kirby Vorhees,RB,54.019400000000076,Pac-12,,,no_pick,34,
Alex Perry,WR,53.74729999999995,Conference USA,,,no_pick,47,
Ryan Davis,WR,53.357499999999945,Big 12,,,no_pick,48,
Dontae McMillan,RB,53.08699999999998,Mid-American,,,no_pick,35,
Peter Clarke,TE,53.010300000000036,American Athletic,,,no_pick,2,
Jackson Canaan,TE,52.393299999999996,Mountain West,,,no_pick,3,
Malachi Hosley,RB,52.24179999999999,ACC,,,no_pick,36,
Cortez Braham,WR,52.02379999999996,American Athletic,,,no_pick,49,
Cooper Barkate,WR,51.58550000000004,ACC,,,no_pick,50,
Nik McMillan,WR,51.5514999999999,Mid-American,,,no_pick,51,
Ayden Greene,WR,51.546399999999984,ACC,,,no_pick,52,
Yamir Knight,WR,51.497299999999996,ACC,,,no_pick,53,
Devin Voisin,WR,51.19699999999996,Sun Belt,,,no_pick,54,
Eric McAlister,WR,50.7505,Big 12,,,no_pick,55,
Omari Kelly,WR,50.56999999999998,Big Ten,,,no_pick,56,
Landon Sims,RB,50.52750000000001,Mountain West,,,no_pick,37,
Justice Haynes,RB,50.37720000000001,Big Ten,,,no_pick,38,
Zachary Palmer-Smith,RB,50.0205,Sun Belt,,,no_pick,39,
Carson Hansen,RB,49.652999999999984,Big 12,,,no_pick,40,
Chris Marshall,WR,49.58509999999998,Mountain West,,,no_pick,57,
Blake Bosma,TE,49.4447999999999,Mid-American,,,no_pick,4,
Darius Taylor,RB,49.323499999999996,Big Ten,,,no_pick,41,
Keyjuan Brown,RB,49.29850000000002,ACC,,,no_pick,42,
Jekail Middlebrook,RB,49.239999999999974,Conference USA,,,no_pick,43,
Coleman Bennett,RB,48.712499999999956,Conference USA,,,no_pick,44,
Raleek Brown,RB,47.79349999999999,Big 12,,,no_pick,45,
Amare Thomas,WR,47.702,Big 12,,,no_pick,58,
Sahmir Hagans,WR,47.69149999999999,ACC,,,no_pick,59,
Dan Villari,TE,47.637100000000004,ACC,,,no_pick,5,
Kenyon Clay,RB,47.6269,Sun Belt,,,no_pick,46,
Rocky Beers,TE,47.49320000000001,Mountain West,,,no_pick,6,
Chase Sowell,WR,47.20269999999999,Big 12,,,no_pick,60,
Leshon Williams,RB,46.86420000000001,Big 12,,,no_pick,47,
Eli Finley,TE,46.54339999999999,Conference USA,,,no_pick,7,
Ramone Green Jr.,RB,46.33510000000002,Conference USA,,,no_pick,48,
Roman Hemby,RB,46.251999999999946,Big Ten,,,no_pick,49,
Kyre Duplessis,WR,46.23810000000001,Conference USA,,,no_pick,61,
Jevyon Ducker,RB,45.79329999999996,American Athletic,,,no_pick,50,
Jackson Harris,WR,45.596300000000014,Mountain West,,,no_pick,62,
Trond Grizzell,WR,45.378099999999904,ACC,,,no_pick,63,
Noah Kim,QB,45.34509999999996,Mid-American,,,no_pick,45,
Kenji Christian,RB,45.29160000000001,Mid-American,,,no_pick,51,
Devin Mockobee,RB,45.036499999999975,Big Ten,,,no_pick,52,
Harrison Wallace III,WR,45.00669999999997,SEC,,,no_pick,64,
Thomas Castellanos,QB,44.92049999999994,ACC,,,no_pick,46,
Chase Belcher,RB,44.8966,Conference USA,,,no_pick,53,
Gabe Burkle,TE,44.850799999999964,Big 12,,,no_pick,8,
Junior Sherrill,WR,44.701400000000014,SEC,,,no_pick,65,
Evan Simon,QB,44.69199999999995,American Athletic,,,no_pick,47,
Desmond Reid,RB,44.35599999999997,ACC,,,no_pick,54,
Noah Whittington,RB,44.293499999999995,Big Ten,,,no_pick,55,
Cayden Lee,WR,43.83049999999994,SEC,,,no_pick,66,
Alred Luke,WR,43.774499999999996,Conference USA,,,no_pick,67,
Brock Spalding,WR,43.47949999999996,American Athletic,,,no_pick,68,
Isaiah Horton,WR,43.318499999999986,SEC,,,no_pick,69,
J'mari Taylor,RB,43.238,ACC,,,no_pick,56,
Star Thomas,RB,43.02829999999999,SEC,,,no_pick,57,
Trell Harris,WR,42.45719999999997,ACC,,,no_pick,70,
Hayden Hansen,TE,42.220000000000084,SEC,,,no_pick,9,
Sean Brown,WR,42.10939999999995,American Athletic,,,no_pick,71,
Jeremiah Franklin,TE,42.107000000000006,ACC,,,no_pick,10,
Bryson Washington,RB,41.87449999999996,Big 12,,,no_pick,58,
Michael Washington,RB,41.872999999999976,SEC,,,no_pick,59,
Langston Lewis,WR,41.870299999999986,Mid-American,,,no_pick,72,
Jahmal Edrine,WR,41.837799999999916,ACC,,,no_pick,73,
DT Sheffield,WR,41.636999999999986,Big Ten,,,no_pick,74,
Jevon Jackson,RB,41.55619999999996,American Athletic,,,no_pick,60,
Tawee Walker,RB,41.433000000000014,Big 12,,,no_pick,61,
Nahree Biggins,RB,41.165600000000005,Mid-American,,,no_pick,62,
Devin Mccuin,WR,41.099300000000014,American Athletic,,,no_pick,75,
Nick Devereaux,WR,40.62500000000001,Mid-American,,,no_pick,76,
Alex Tecza,RB,40.55489999999995,American Athletic,,,no_pick,63,
Rashod Dubinion,RB,40.543999999999954,Sun Belt,,,no_pick,64,
Daylan Smothers,RB,40.47499999999994,ACC,,,no_pick,65,
Sutton Smith,RB,40.08299999999999,American Athletic,,,no_pick,66,
Romello Brinson,WR,39.92479999999996,ACC,,,no_pick,77,
Ismail Mahdi,RB,39.82899999999999,Big 12,,,no_pick,67,
Ethan Conner,TE,39.47980000000005,Sun Belt,,,no_pick,11,
Qua Ashley,RB,39.434500000000014,Mid-American,,,no_pick,68,
Kole Wilson,WR,39.28359999999999,Big 12,,,no_pick,78,
OJ Arnold,RB,39.239499999999964,Sun Belt,,,no_pick,69,
Kamari Moulton,RB,39.09449999999997,Big Ten,,,no_pick,70,
Iverson Hooks,WR,39.005500000000005,American Athletic,,,no_pick,79,
Vandrevious Jacobs,WR,38.62229999999994,SEC,,,no_pick,80,
Latrell Caples,WR,38.35399999999997,Mountain West,,,no_pick,81,
Myles Butler,WR,38.00049999999997,Conference USA,,,no_pick,82,
D'Wayne' Winfield,QB,37.901699999999934,Sun Belt,,,no_pick,48,
Amari Odom,QB,37.79249999999994,Conference USA,,,no_pick,49,
Jaron Tibbs,WR,37.296999999999954,Big 12,,,no_pick,83,
Luke Lindenmeyer,TE,37.238700000000065,Big Ten,,,no_pick,12,
Nyck Harbor,WR,37.09600000000001,SEC,,,no_pick,84,
Kenny Johnson,WR,36.95679999999997,ACC,,,no_pick,85,
Raylen Sharpe,WR,36.922,SEC,,,no_pick,86,
Dae'Quan Wright,TE,36.39000000000003,SEC,,,no_pick,13,
Landon Ellis,WR,36.35099999999999,Sun Belt,,,no_pick,87,
Kiael Kelly,QB,36.129099999999966,Mid-American,,,no_pick,50,
Coy Eakin,WR,35.977499999999985,Big 12,,,no_pick,88,
Jaden Nixon,RB,35.803700000000006,Big 12,,,no_pick,71,
Brendan Sorsby,QB,35.46529999999995,Big 12,,,no_pick,51,
Brendon Lewis,QB,35.36109999999994,American Athletic,,,no_pick,52,
Keelan Marion,WR,35.31930000000007,ACC,,,no_pick,89,
Jordan Simmons,RB,35.24159999999998,Sun Belt,,,no_pick,72,
Luke Altmyer,QB,35.123199999999954,Big Ten,,,no_pick,53,
Ryan Browne,QB,35.09709999999996,Big Ten,,,no_pick,54,
Jeremiah Hasley,TE,35.02950000000009,ACC,,,no_pick,14,
Jaden Bradley,WR,34.81950000000004,Mountain West,,,no_pick,90,
Trebor Pena,WR,34.81479999999997,Big Ten,,,no_pick,91,
TJ Harden,RB,34.71899999999996,ACC,,,no_pick,73,
Isaiah Sategna,WR,34.677999999999976,SEC,,,no_pick,92,
Joseph Manjack,WR,34.33149999999994,Big 12,,,no_pick,93,
Tae Meadows,RB,34.291699999999956,Sun Belt,,,no_pick,74,
Jordan Gant,RB,34.25269999999992,Mid-American,,,no_pick,75,
Malik Rutherford,WR,34.17749999999998,ACC,,,no_pick,94,
Joe Jackson,RB,34.16269999999999,Big 12,,,no_pick,76,
Griffin Wilde,WR,34.1507,Big Ten,,,no_pick,95,
Bill Davis,RB,34.059399999999954,Sun Belt,,,no_pick,77,
Brett Norfleet,TE,33.84360000000003,SEC,,,no_pick,15,
Al-Jay Henderson,RB,33.75149999999994,Mid-American,,,no_pick,78,
Carl Chester,WR,33.68059999999998,Sun Belt,,,no_pick,96,
Izayah Cummings,TE,33.64950000000001,Sun Belt,,,no_pick,16,
Jovanni Bermudez,WR,33.55250000000001,American Athletic,,,no_pick,97,
Shaleak Knotts,WR,33.51350000000005,Big Ten,,,no_pick,98,
Tre Wisner,RB,33.44,SEC,,,no_pick,79,
Lance Mason,TE,33.30460000000006,Big Ten,,,no_pick,17,
Tyler King,WR,33.101299999999995,Conference USA,,,no_pick,99,
Braylon McReynolds,RB,33.03450000000001,Sun Belt,,,no_pick,80,
Johntay Cook II,WR,33.015299999999925,ACC,,,no_pick,100,
Kendrick Raphael,RB,32.806499999999986,ACC,,,no_pick,81,
Carlos Del Rio-Wilson,QB,32.74899999999995,Sun Belt,,,no_pick,55,
Miles Kitselman,TE,32.64540000000004,SEC,,,no_pick,18,
Garrett Oakley,TE,32.613000000000035,Big 12,,,no_pick,19,
Darrell Gill Jr.,WR,32.5521,ACC,,,no_pick,101,
Ja'Vin Simpkins,RB,32.38949999999999,Sun Belt,,,no_pick,82,
Lucky Sutton,RB,32.211699999999965,Mountain West,,,no_pick,83,
Chandler Morris,QB,32.18529999999995,ACC,,,no_pick,56,
Benjamin Brahmer,TE,32.08880000000007,Big 12,,,no_pick,20,
R.J. Maryland,TE,31.88920000000004,ACC,,,no_pick,21,
Pearson Baldwin,TE,31.37540000000004,Conference USA,,,no_pick,22,
Nick DeGennaro,WR,31.296599999999994,Sun Belt,,,no_pick,102,
Desirrio Riles,TE,31.222100000000054,American Athletic,,,no_pick,23,
Kris Hutson,WR,31.18810000000005,Big 12,,,no_pick,103,
O'Mega Blake,WR,30.840500000000024,SEC,,,no_pick,104,
Gavin Harris,TE,30.575799999999994,Conference USA,,,no_pick,24,
Ethan Vasko,QB,30.39799999999994,Conference USA,,,no_pick,57,
Jamari Hawkins,WR,30.354599999999962,American Athletic,,,no_pick,105,
Elijah Metcalf,WR,30.279800000000034,Sun Belt,,,no_pick,106,
Donaven McCulley,WR,30.201299999999968,Big Ten,,,no_pick,107,
Lanorris Sellers,QB,30.136399999999934,SEC,,,no_pick,58,
Jordan Dwyer,WR,29.835300000000025,Big 12,,,no_pick,108,
Mason Williams,TE,29.738699999999966,Mid-American,,,no_pick,25,
Houston Thomas,TE,29.615600000000065,American Athletic,,,no_pick,26,
Christian Moss,WR,29.6138,Conference USA,,,no_pick,109,
AJ Wilson,WR,29.590999999999994,American Athletic,,,no_pick,110,
Nico Iamaleava,QB,29.500099999999943,Big Ten,,,no_pick,59,
Dominic Richardson,RB,29.25049999999994,American Athletic,,,no_pick,84,
Deuce Alexander,WR,28.96650000000004,SEC,,,no_pick,111,
Anthony Hankerson,RB,28.882399999999983,Pac-12,,,no_pick,85,
Quinton Jackson,RB,28.80559999999995,American Athletic,,,no_pick,86,
Beau Pribula,QB,28.802599999999924,SEC,,,no_pick,60,
Mark Gronowski,QB,28.724999999999962,Big Ten,,,no_pick,61,
Alonza Barnett,QB,28.404299999999967,Sun Belt,,,no_pick,62,
Jordan Faison,WR,28.403000000000002,FBS Independents,,,no_pick,112,
Robby Ashford,QB,28.209599999999952,ACC,,,no_pick,63,
Lake McRee,TE,28.204700000000052,Big Ten,,,no_pick,27,
D'Andre Rogers,TE,27.824100000000062,Big 12,,,no_pick,28,
Troy Omeire,WR,27.729299999999995,Mountain West,,,no_pick,113,
Keagan Johnson,WR,27.481400000000068,Mountain West,,,no_pick,114,
Eric Rivers,WR,27.36900000000004,ACC,,,no_pick,115,
Jacob Petersen,TE,27.272699999999997,Mid-American,,,no_pick,29,
Kamryn Perry,WR,27.092500000000022,Mid-American,,,no_pick,116,
Bishop Davenport,QB,26.489099999999937,Sun Belt,,,no_pick,64,
Dallas Payne,TE,26.482400000000002,Conference USA,,,no_pick,30,
Israel Polk,WR,26.382099999999994,Mid-American,,,no_pick,117,
Jayvontay Conner,TE,26.345700000000008,American Athletic,,,no_pick,31,
Matt Lauter,TE,26.139800000000047,Mountain West,,,no_pick,32,
Sam Leavitt,QB,26.060499999999934,Big 12,,,no_pick,65,
Justin Holmes,TE,26.021600000000003,ACC,,,no_pick,33,
Jeremiah Cobb,RB,25.65099999999995,SEC,,,no_pick,87,
Kentrel Bullock,RB,25.501700000000017,Sun Belt,,,no_pick,88,
Reed Harris,WR,25.42299999999999,ACC,,,no_pick,118,
DeAndre Moore Jr.,WR,25.361,SEC,,,no_pick,119,
Shomari Lawrence,RB,25.261699999999966,Conference USA,,,no_pick,89,
Parker Navarro,QB,25.168599999999966,Mid-American,,,no_pick,66,
Devon Dampier,QB,24.921599999999977,Big 12,,,no_pick,67,
Gunner Stockton,QB,24.83449999999997,SEC,,,no_pick,68,
Dalton Stroman,WR,24.683500000000002,Sun Belt,,,no_pick,120,
Ian Strong,WR,24.417000000000012,Big Ten,,,no_pick,121,
Michael Trigg,TE,24.29500000000001,Big 12,,,no_pick,34,
Jack Velling,TE,24.257799999999992,Big Ten,,,no_pick,35,
Jett Carpenter,TE,24.017600000000026,Mountain West,,,no_pick,36,
Chase Roberts,WR,23.947999999999983,Big 12,,,no_pick,122,
Ethan Davis,TE,23.911400000000036,SEC,,,no_pick,37,
Kyron Drones,QB,23.889899999999965,ACC,,,no_pick,69,
Jaden Platt,TE,23.85590000000002,SEC,,,no_pick,38,
Camryn Edwards,RB,23.8387,FBS Independents,,,no_pick,90,
Bryson Barnes,QB,23.647099999999973,Mountain West,,,no_pick,70,
John Mateer,QB,22.893899999999952,SEC,,,no_pick,71,
Conner Weigman,QB,22.513799999999996,Big 12,,,no_pick,72,
Jyrin Johnson,TE,22.482099999999978,Mid-American,,,no_pick,39,
Brady Boyd,WR,22.47120000000002,Mountain West,,,no_pick,123,
Raphael Williams,WR,22.016600000000004,ACC,,,no_pick,124,
Evan Pryor,RB,21.940399999999997,Big 12,,,no_pick,91,
Dylan Wade,TE,21.90999999999997,Big 12,,,no_pick,40,
Omarion Miller,WR,21.52330000000001,Big 12,,,no_pick,125,
Toby Payne,TE,21.249799999999983,Sun Belt,,,no_pick,41,
Anthony Brown,WR,19.948499999999996,American Athletic,,,no_pick,126,
Sieh Bangura,RB,19.253200000000007,Mid-American,,,no_pick,92,
Jalon Daniels,QB,19.21129999999999,Big 12,,,no_pick,73,
Kejon Owens,RB,18.929200000000012,Conference USA,,,no_pick,93,
Marcus Sanders Jr.,WR,18.85800000000003,Sun Belt,,,no_pick,127,
Rohan Jones,TE,18.60849999999999,SEC,,,no_pick,42,
Jordan Hudson,WR,18.363800000000058,ACC,,,no_pick,128,
JC French,QB,17.99029999999997,Sun Belt,,,no_pick,74,
Broc Lowry,QB,17.977399999999996,Mid-American,,,no_pick,75,
Haynes King,QB,17.606000000000016,ACC,,,no_pick,76,
Avery Johnson,QB,17.043699999999987,Big 12,,,no_pick,77,
Chamon Metayer,TE,16.18449999999998,Big 12,,,no_pick,43,
Boden Groen,TE,16.12729999999997,Big 12,,,no_pick,44,
Zevi Eckhaus,QB,14.7092,Pac-12,,,no_pick,78,
Jalen Buckley,RB,12.610700000000024,Mid-American,,,no_pick,94,
Caleb Komolafe,RB,12.2322,Big Ten,,,no_pick,95,
